obs_wl_air,prev_obs,prev
3872.5,E12o-FeI,E12o
4045.59,E12o-FeI,E12o
4191.43,E12o-FeI/E15q-FeI/A17o-FeI,E12o/E15q/A17o
4202.03,E12o-FeI/Z20q-FeI/E15q-FeI/Z20o-FeI/E12q-FeI,E12o/Z20q/E15q/Z20o/E12q
4233.17,E12o-FeII/Z20q-FeII/E15q-FeII/Z20o-FeII/E12q-FeII/A17o-FeII,E12o/Z20q/E15q/Z20o/E12q/A17o
4233.17,E12o-FeII/Z20q-FeII/E15q-FeII/Z20o-FeII/E12q-FeII/A17o-FeII,E12o/Z20q/E15q/Z20o/E12q/A17o
4330.7,E12o-TiII,E12o
4351.77,E12o-FeII/E15q-FeII/E12q-FeII/A17o-FeII,E12o/E15q/E12q/A17o
4351.77,E12o-FeII/E15q-CrI/E12q-FeII/A17o-FeII,E12o/E15q/E12q/A17o
4549.47,E12o-FeII/Z20q-FeII/E15q-FeII/Z20o-FeII/E12q-FeII/A17o-FeII,E12o/Z20q/E15q/Z20o/E12q/A17o
4563.77,E12o-TiII/Z20q-TiII/E15q-TiII/Z20o-TiII,E12o/Z20q/E15q/Z20o
4571.98,E12o-TiII/E15q-TiII/E12q-TiII/A17o-TiII,E12o/E15q/E12q/A17o
4629.28,E12o-TiII,E12o
4702.99,E12o-MgI/E15q-MgI/Z20o-MgI:,E12o/E15q/Z20o
4798.52,E12o-TiII,E12o
4805.1,E12o-TiII/Z20q-TiII/Z20o-TiII,E12o/Z20q/Z20o
4824.13,E12o-CrII/Z20q-CrII/E15q-CrII/Z20o-CrII/E12q-CrII/FeI,E12o/Z20q/E15q/Z20o/E12q
4848.23,E12o-CrII/Z20q-CrII/E15q-CrII,E12o/Z20q/E15q
4861.28,E12o-HI/E12q-H$\beta$/A17o-HI,E12o/E12q/A17o
4911.19,E12o-TiII/Z20q-TiII/Z20o-TiII,E12o/Z20q/Z20o
4957.6,E12o-FeI/Z20q-FeI/E15q-FeI/Z20o-FeI/E12q-FeI,E12o/Z20q/E15q/Z20o/E12q
5018.43,E12o-FeII/Z20q-FeII/E15q-FeII/Z20o-FeII/E12q-FeII/A17o-FeII,E12o/Z20q/E15q/Z20o/E12q/A17o
5226.56,E12o-TiII/A17o-TiII,E12o/A17o
5234.62,E12o-FeII/Z20q-FeII/E15q-FeII/Z20o-FeII,E12o/Z20q/E15q/Z20o
5276.0,E12o-FeII/Z20q-FeII/Z20o-FeII/E12q-FeII,E12o/Z20q/Z20o/E12q
5284.11,E12o-FeII/Z20q-FeII/E15q-FeII/Z20o-FeII,E12o/Z20q/E15q/Z20o
5316.62,E12o-FeII/Z20q-FeII/E15q-FeII/Z20o-FeII/E12q-FeII,E12o/Z20q/E15q/Z20o/E12q
5371.49,E12o-FeI/Z20q-FeI/E15q-FeI/Z20o-FeI/E12q-FeI/A17o-FeI,E12o/Z20q/E15q/Z20o/E12q/A17o
5446.87,E12o-FeI/E15q-FeI/E12q-FeI,E12o/E15q/E12q
5455.61,E12o-FeI/Z20q-FeI/E15q-FeI/Z20o-FeI/A17o-FeI,E12o/Z20q/E15q/Z20o/A17o
5534.85,E12o-FeII/Z20q-FeII/E15q-FeII/Z20o-FeII/E12q-FeII/A17o-FeII,E12o/Z20q/E15q/Z20o/E12q/A17o
5615.64,E12o-FeI/Z20q-FeI/Z20o-FeI,E12o/Z20q/Z20o
5875.6,E12o-HeI/E12q-HeI,E12o/E12q
5930.18,E12o-FeI,E12o
5991.38,E12o-FeII/E15q-FeII/Z20o-FeII,E12o/E15q/Z20o
6065.48,E12o-FeI/Z20q-FeI/Z20o-FeI/A17o-FeI,E12o/Z20q/Z20o/A17o
6084.11,E12o-FeII/Z20q-FeII/Z20o-FeII,E12o/Z20q/Z20o
6102.72,E12o-CaI,E12o
6122.22,E12o-CaI/Z20q-CaI/Z20o-CaI,E12o/Z20q/Z20o
6191.56,E12o-FeI/Z20q-FeI/Z20o-FeI/A17o-FeI,E12o/Z20q/Z20o/A17o
6238.38,E12o-FeII/Z20q-FeII/E15q-FeII/Z20o-FeII,E12o/Z20q/E15q/Z20o
6247.56,E12o-FeII/Z20q-FeII/E15q-FeII/Z20o-FeII/E12q-FeII/A17o-FeII,E12o/Z20q/E15q/Z20o/E12q/A17o
6347.1,E12o-SiII/E15q-SiII/Z20o-SiII/E12q-SiII/A17o-SiII,E12o/E15q/Z20o/E12q/A17o
6371.36,E12o-SiII/E15q-SiII/E12q-SiII/A17o-SiII,E12o/E15q/E12q/A17o
6393.6,E12o-FeI/Z20q-FeI/Z20o-FeI/A17o-FeI,E12o/Z20q/Z20o/A17o
6400.0,E12o-FeI/Z20q-FeI/Z20o-FeI/A17o-FeI,E12o/Z20q/Z20o/A17o
6456.38,E12o-FeII/Z20q-FeII/E15q-FeII/Z20o-FeII/E12q-FeII/A17o-FeII,E12o/Z20q/E15q/Z20o/E12q/A17o
6516.05,E12o-FeII/Z20q-FeII/E15q-FeII/Z20o-FeII/A17o-FeII,E12o/Z20q/E15q/Z20o/A17o
6562.57,E12o-HI/Z20q-H$\alpha$/Z20o-H$\alpha$/E12q-H$\alpha$/A17o-HI,E12o/Z20q/Z20o/E12q/A17o
6678.15,E12o-HeI/Z20q-HeI/E15q-HeI/Z20o-HeI/E12q-HeI,E12o/Z20q/E15q/Z20o/E12q
6717.69,E12o-CaI/Z20o-CaI,E12o/Z20o
7065.19,E12o-HeI/E15q-HeI/E12q-HeI,E12o/E15q/E12q
7462.38,E12o-FeII/Z20o-FeII/A17o-FeII,E12o/Z20o/A17o
7711.71,E12o-FeII/Z20o-FeII/A17o-FeII,E12o/Z20o/A17o
8498.02,E12o-CaII/Z20o-CaII/E12q-CaII/A17o-CaII,E12o/Z20o/E12q/A17o
8598.39,E12o-HI,E12o
8662.14,E12o-CaII/Z20o-CaII/E12q-CaII/A17o-CaII,E12o/Z20o/E12q/A17o
8750.46,E12o-HI/Z20o-HI/A17o-HI,E12o/Z20o/A17o
8806.76,E12o-MgI/Z20o-MgI/A17o-MgI,E12o/Z20o/A17o
8824.22,E12o-FeI/Z20o-FeI/A17o-FeI,E12o/Z20o/A17o
8912.07,E12o-CaII/E15q-CaII/E12q-CaII,E12o/E15q/E12q
8927.36,E12o-CaII/E15q-CaII/E12q-CaII,E12o/E15q/E12q
3797.97,E12q-H10,E12q
3835.35,E12q-H9,E12q
3838.29,E12q-MgI,E12q
3841.05,Z20o-FeI/E12q-FeI,Z20o/E12q
3852.6,E12q-SiII,E12q
3856.37,E12q-FeI,E12q
3859.91,Z20o-FeI/E12q-FeI,Z20o/E12q
3889.06,Z20o-HI/E12q-H8,Z20o/E12q
3899.7,E12q-FeI,E12q
3900.52,E12q-FeI,E12q
3902.95,E15q-FeI/E12q-FeI,E15q/E12q
3903.25,E12q-INDEF,E12q
3905.52,E15q-SiI/E12q-SiI,E15q/E12q
3906.48,E15q-FeI/E12q-FeI,E15q/E12q
3913.46,E15q-TiII/E12q-TiII,E15q/E12q
3920.26,E15q-FeI/E12q-FeI,E15q/E12q
3922.91,E15q-FeI/Z20o-FeI/E12q-FeI,E15q/Z20o/E12q
3927.92,E15q-FeI/E12q-FeI,E15q/E12q
3930.3,E15q-FeI/E12q-FeI,E15q/E12q
3933.66,Z20q-CaII/Z20o-CaII/E12q-CaIIH,Z20q/Z20o/E12q
3961.14,E12q-FeI,E12q
3968.47,Z20o-CaII/E12q-CaIIK,Z20o/E12q
3970.04,E12q-H$\epsilon$,E12q
4026.19,E15q-HeI/E12q-HeI,E15q/E12q
4030.76,E15q-MnI/E12q-MnI,E15q/E12q
4033.07,E15q-MnI/E12q-MnI,E15q/E12q
4034.49,E15q-MnI/E12q-MnI,E15q/E12q
4043.9,E12q-FeI,E12q
4043.98,E12q-FeI,E12q
4045.81,Z20q-FeI/E15q-FeI/Z20o-FeI/E12q-FeI,Z20q/E15q/Z20o/E12q
4071.74,E15q-FeI/E12q-FeI/A17o-FeI,E15q/E12q/A17o
4101.71,Z20q-H$\delta$/Z20o-H$\delta$/E12q-H$\delta$,Z20q/Z20o/E12q
4120.82,E12q-HeI,E12q
4122.67,E15q-FeII/E12q-FeII,E15q/E12q
4130.87,E12q-SiII,E12q
4130.89,E15q-SiII/E12q-SiII,E15q/E12q
4132.06,Z20q-FeI/E15q-FeI/Z20o-FeI/E12q-FeI/A17o-FeI,Z20q/E15q/Z20o/E12q/A17o
4143.41,E15q-FeI/E12q-FeI,E15q/E12q
4143.87,Z20q-FeI/E15q-FeI/Z20o-FeI/E12q-FeI,Z20q/E15q/Z20o/E12q
4177.59,Z20q-FeI/E15q-FeI/E12q-FeI,Z20q/E15q/E12q
4178.86,Z20q-FeII/E15q-FeII/Z20o-FeII/E12q-FeII,Z20q/E15q/Z20o/E12q
4187.04,E12q-FeI,E12q
4187.8,E12q-FeI,E12q
4199.1,Z20q-FeI/Z20o-FeI/E12q-FeI,Z20q/Z20o/E12q
4215.48,E12q-FeI,E12q
4216.18,Z20q-FeI/E15q-FeI/Z20o-FeI/E12q-FeI,Z20q/E15q/Z20o/E12q
4222.21,E15q-FeI/E12q-FeI,E15q/E12q
4226.73,Z20q-CaI/E15q-CaI/E12q-CaI,Z20q/E15q/E12q
4227.43,E15q-FeI/E12q-FeI,E15q/E12q
4235.94,E15q-FeI/E12q-FeI,E15q/E12q
4250.11,E12q-FeI,E12q
4250.79,E15q-FeI/Z20o-FeI/E12q-FeI,E15q/Z20o/E12q
4254.35,E15q-CrI/E12q-CrI,E15q/E12q
4258.15,Z20q-FeII/E15q-FeII/Z20o-FeII/E12q-FeII,Z20q/E15q/Z20o/E12q
4260.47,E15q-FeI/E12q-FeI,E15q/E12q
4271.76,E15q-FeI/E12q-FeI,E15q/E12q
4273.33,Z20q-FeII/E15q-FeII/Z20o-FeII/E12q-FeII/A17o-FeII,Z20q/E15q/Z20o/E12q/A17o
4274.77,E12q-CrI,E12q
4282.4,Z20q-FeI/E15q-FeI/Z20o-FeI/E12q-FeI,Z20q/E15q/Z20o/E12q
4289.72,E15q-CrI/E12q-CrI,E15q/E12q
4290.22,E12q-TiII,E12q
4294.12,Z20q-??FeII??TiII/E15q-FeI/Z20o-??FeII??TiII/E12q-TiII,Z20q/E15q/Z20o/E12q
4296.57,Z20q-FeII/E15q-FeII/Z20o-FeII/E12q-FeII,Z20q/E15q/Z20o/E12q
4299.24,E12q-FeI,E12q
4300.05,Z20q-TiII/E15q-TiII/Z20o-TiII/E12q-TiII,Z20q/E15q/Z20o/E12q
4301.93,Z20q-TiII/E15q-TiII/Z20o-TiII/E12q-TiII,Z20q/E15q/Z20o/E12q
4303.14,E12q-FeII,E12q
4307.9,Z20q-TiII/E15q-TiII/Z20o-TiII/E12q-TiII,Z20q/E15q/Z20o/E12q
4308.5,E12q-FeI,E12q
4312.86,E12q-TiII,E12q
4315.08,E15q-FeI/E12q-FeI,E15q/E12q
4325.76,E15q-FeI/E12q-FeI/A17o-FeI,E15q/E12q/A17o
4340.47,Z20q-H$\gamma$/Z20o-H$\gamma$/E12q-H$\gamma$,Z20q/Z20o/E12q
4352.73,E12q-FeI,E12q
4375.93,Z20q-FeI/E15q-FeI/E12q-FeI/A17o-FeI,Z20q/E15q/E12q/A17o
4383.54,Z20q-FeI/E15q-FeI/E12q-FeI,Z20q/E15q/E12q
4384.32,E15q-FeII/E12q-FeII,E15q/E12q
4385.39,Z20q-FeII/E15q-FeII/Z20o-FeII/E12q-FeII,Z20q/E15q/Z20o/E12q
4395.04,E15q-TiII/E12q-TiII,E15q/E12q
4404.75,Z20q-FeI/E15q-FeI/Z20o-FeI/E12q-FeI,Z20q/E15q/Z20o/E12q
4417.72,E15q-TiII/E12q-TiII/A17o-TiII,E15q/E12q/A17o
4443.8,Z20q-TiII/E15q-TiII/Z20o-TiII/E12q-TiII,Z20q/E15q/Z20o/E12q
4450.49,Z20q-TiII/E15q-TiII/Z20o-TiII/E12q-TiII,Z20q/E15q/Z20o/E12q
4459.12,Z20q-FeI/E15q-FeI/Z20o-FeI/E12q-FeI,Z20q/E15q/Z20o/E12q
4461.08,E12q-MnI,E12q
4461.65,E15q-FeI/E12q-FeI/A17o-FeI,E15q/E12q/A17o
4468.5,Z20q-TiII/E15q-TiII/Z20o-TiII/E12q-TiII/A17o-TiII,Z20q/E15q/Z20o/E12q/A17o
4471.58,E12q-HeI,E12q
4489.18,Z20q-FeII/E15q-FeII/Z20o-FeII/E12q-FeII/A17o-FeII,Z20q/E15q/Z20o/E12q/A17o
4491.41,E12q-FeII,E12q
4501.27,Z20q-TiII/E15q-TiII/Z20o-TiII/E12q-TiII,Z20q/E15q/Z20o/E12q
4502.22,E12q-MnI,E12q
4508.29,Z20q-FeII/E15q-FeII/Z20o-FeII/E12q-FeII,Z20q/E15q/Z20o/E12q
4509.47,E12q-TiII,E12q
4515.34,E15q-FeII/E12q-FeII,E15q/E12q
4520.22,Z20q-FeII/E15q-FeII/Z20o-FeII/E12q-FeII,Z20q/E15q/Z20o/E12q
4522.63,Z20q-FeII/Z20o-FeII/E12q-FeII,Z20q/Z20o/E12q
4528.61,E15q-FeI/E12q-FeI,E15q/E12q
4533.96,E12q-FeI/TiII,E12q
4541.52,E12q-FeII,E12q
4555.89,E15q-FeII/E12q-FeII,E15q/E12q
4558.66,Z20q-CrII/E15q-CrII/Z20o-CrII/E12q-CrII,Z20q/E15q/Z20o/E12q
4576.34,Z20q-FeII/E15q-FeII/Z20o-FeII/E12q-FeII,Z20q/E15q/Z20o/E12q
4583.84,E12q-FeII,E12q
4588.2,Z20q-CrII/E15q-CrII/E12q-CrII,Z20q/E15q/E12q
4620.52,E15q-FeII/E12q-FeII,E15q/E12q
4629.34,Z20q-FeII/E15q-FeII/Z20o-FeII/E12q-FeII/A17o-FeII,Z20q/E15q/Z20o/E12q/A17o
4657.21,Z20q-TiII/Z20o-TiII/E12q-TiII,Z20q/Z20o/E12q
4666.76,Z20q-FeII/E15q-FeII/Z20o-FeII/E12q-FeII/A17o-FeII,Z20q/E15q/Z20o/E12q/A17o
4685.8,E12q-HeII,E12q
4713.16,E12q-HeI,E12q
4824.17,E12q-FeI/CrII,E12q
4824.17,E12q-CrII/FeI,E12q
4920.5,E15q-FeI/E12q-FeI,E15q/E12q
4921.93,E15q-HeI/E12q-HeI,E15q/E12q
4923.92,Z20q-FeII/E15q-FeII/Z20o-FeII/E12q-FeII/A17o-FeII,Z20q/E15q/Z20o/E12q/A17o
4957.3,E12q-FeI,E12q
5013.63,E12q-INDEF,E12q
5015.68,E15q-HeI/E12q-HeI,E15q/E12q
5047.74,E12q-HeI,E12q
5165.14,E12q-CoI,E12q
5167.32,E12q-MgI/FeI/A17o-MgI,E12q/A17o
5167.48,E12q-MgI/FeI,E12q
5169.03,E15q-FeII/Z20o-FeII/E12q-FeII/FeI,E15q/Z20o/E12q
5169.28,E12q-FeII/FeI,E12q
5171.67,E12q-FeI,E12q
5172.68,Z20q-MgI/E15q-MgI/Z20o-MgI/E12q-MgI/A17o-MgI,Z20q/E15q/Z20o/E12q/A17o
5183.6,Z20q-MgI/E15q-MgI/Z20o-MgI/E12q-MgI/A17o-MgI,Z20q/E15q/Z20o/E12q/A17o
5185.91,E15q-TiII/E12q-TiII,E15q/E12q
5197.58,Z20q-FeII/E15q-CrII/Z20o-FeII/E12q-FeII,Z20q/E15q/Z20o/E12q
5197.58,Z20q-FeII/E15q-FeII/Z20o-FeII/E12q-FeII,Z20q/E15q/Z20o/E12q
5232.94,E15q-FeI/E12q-FeI,E15q/E12q
5234.63,E15q-FeII/E12q-FeII,E15q/E12q
5264.81,E15q-FeII/E12q-FeII,E15q/E12q
5269.54,Z20q-FeI/E15q-FeI/Z20o-FeI/E12q-FeI,Z20q/E15q/Z20o/E12q
5270.36,E15q-FeI/E12q-FeI/A17o-FeI,E15q/E12q/A17o
5284.1,E12q-FeII,E12q
5328.04,Z20q-FeI/E15q-FeI/Z20o-FeI/E12q-FeI/A17o-FeI,Z20q/E15q/Z20o/E12q/A17o
5328.53,E15q-FeI/E12q-FeI/A17o-FeI,E15q/E12q/A17o
5362.86,E12q-FeII,E12q
5397.13,Z20q-FeI/E15q-FeI/Z20o-FeI/E12q-FeI/A17o-FeI,Z20q/E15q/Z20o/E12q/A17o
5405.77,E15q-FeI/E12q-FeI,E15q/E12q
5429.69,E12q-FeI,E12q
5446.91,E12q-FeI,E12q
5889.95,Z20q-NaI/Z20o-NaI/E12q-NaID/A17o-NaI,Z20q/Z20o/E12q/A17o
5895.92,Z20q-NaI/Z20o-NaI/E12q-NaID,Z20q/Z20o/E12q
5955.7,E12q-FeII,E12q
6182.59,E12q-INDEF,E12q
6456.87,E15q-CaII/E12q-CaII,E15q/E12q
7065.71,E12q-HeI,E12q
7281.35,E12q-HeI,E12q
7771.94,E15q-OI/Z20o-OI/E12q-OI,E15q/Z20o/E12q
7774.17,E15q-OI/Z20o-OI/E12q-OI,E15q/Z20o/E12q
7775.39,E15q-OI/Z20o-OI/E12q-OI,E15q/Z20o/E12q
8248.8,E15q-CaII/E12q-CaII/A17o-CaII,E15q/E12q/A17o
8446.25,E15q-OI/Z20o-OI/E12q-OI/A17o-OI,E15q/Z20o/E12q/A17o
8446.36,E12q-OI,E12q
8446.76,E12q-OI,E12q
8542.09,Z20o-CaII/E12q-CaII/A17o-CaII,Z20o/E12q/A17o
3895.66,E15q-FeI,E15q
3899.03,E15q-FeI,E15q
3899.71,E15q-FeI,E15q
3900.51,E15q-FeI,E15q
3903.9,E15q-FeI,E15q
3907.93,E15q-FeI,E15q
3917.18,E15q-FeI,E15q
3938.97,E15q-FeII,E15q
3940.88,E15q-FeI,E15q
3944.01,E15q-AlI,E15q
3961.52,E15q-AlI,E15q
3963.1,E15q-FeI,E15q
3964.73,E15q-HeI,E15q
3977.74,Z20q-FeI/E15q-FeI/Z20o-FeI,Z20q/E15q/Z20o
3986.17,E15q-FeI,E15q
3986.75,E15q-MgI,E15q
3997.39,E15q-FeI,E15q
3998.05,E15q-FeI,E15q
4004.83,E15q-FeI,E15q
4005.24,Z20q-FeI:s/E15q-FeI/Z20o-FeI:s,Z20q/E15q/Z20o
4012.47,E15q-CrII,E15q
4021.87,E15q-FeI,E15q
4025.01,E15q-CrI,E15q
4028.34,Z20q-TiII/E15q-TiII/Z20o-TiII,Z20q/E15q/Z20o
4035.59,E15q-FeI,E15q
4051.91,E15q-FeI,E15q
4053.83,Z20q-TiII/E15q-TiII/Z20o-TiII,Z20q/E15q/Z20o
4057.51,E15q-MgI,E15q
4062.44,E15q-FeI,E15q
4063.59,E15q-FeI,E15q
4077.68,E15q-CrI/A17o-CrI,E15q/A17o
4107.49,E15q-FeI,E15q
4110.9,E15q-MnI,E15q
4134.68,Z20q-FeI/E15q-FeI/Z20o-FeI,Z20q/E15q/Z20o
4147.67,E15q-FeI,E15q
4163.68,E15q-FeI,E15q
4173.47,E15q-FeI,E15q
4217.55,E15q-FeI,E15q
4219.36,E15q-FeI,E15q
4238.81,E15q-FeI,E15q
4247.43,E15q-FeI,E15q
4250.12,E15q-FeI,E15q
4271.15,E15q-FeI,E15q
4274.8,E15q-CrI,E15q
4287.84,E15q-NaI,E15q
4290.23,Z20q-TiII/E15q-TiII/Z20o-TiII,Z20q/E15q/Z20o
4303.18,Z20q-FeII/E15q-FeII/Z20o-FeII,Z20q/E15q/Z20o
4312.87,Z20q-TiII/E15q-TiII,Z20q/E15q
4324.95,E15q-FeI/A17o-FeI,E15q/A17o
4367.66,E15q-TiII,E15q
4399.77,E15q-TiII,E15q
4415.12,E15q-FeI/A17o-FeI,E15q/A17o
4416.83,E15q-FeII,E15q
4442.34,E15q-FeI,E15q
4471.48,E15q-HeI,E15q
4491.4,Z20q-FeII/E15q-FeII/Z20o-FeII,Z20q/E15q/Z20o
4494.56,Z20q-FeI/E15q-FeI/Z20o-FeI,Z20q/E15q/Z20o
4541.51,E15q-CrI,E15q
4582.83,E15q-FeII,E15q
4589.95,Z20q-TiII/E15q-TiII/Z20o-TiII,Z20q/E15q/Z20o
4592.65,Z20q-FeI/E15q-FeI,Z20q/E15q
4616.63,Z20q-CrII/E15q-CrII,Z20q/E15q
4685.3,E15q-HeII,E15q
4713.15,E15q-HeI,E15q
4731.45,Z20q-FeII/E15q-FeII/Z20o-FeII/A17o-FeII,Z20q/E15q/Z20o/A17o
4876.47,E15q-CrII,E15q
5171.6,E15q-FeI,E15q
5266.56,E15q-FeI,E15q
5325.55,E15q-FeII,E15q
5425.26,Z20q-FeII/E15q-FeII/Z20o-FeII,Z20q/E15q/Z20o
5429.7,Z20q-FeI/E15q-FeI/Z20o-FeI,Z20q/E15q/Z20o
5528.4,E15q-MgI,E15q
5875.62,Z20q-HeI/E15q-HeI/Z20o-HeI,Z20q/E15q/Z20o
6147.73,E15q-FeII,E15q
6587.61,E15q-CI,E15q
4045.82,A17o-FeI,A17o
4063.55,A17o-FeI,A17o
4077.09,A17o-CrI,A17o
4207.13,A17o-FeI,A17o
4208.6,A17o-FeI,A17o
4215.42,A17o-FeI,A17o
4226.34,A17o-FeI,A17o
4258.61,A17o-FeI,A17o
4293.8,A17o-FeI,A17o
4325.74,A17o-FeI,A17o
4375.99,A17o-FeI,A17o
4383.55,A17o-FeI,A17o
4389.24,A17o-FeI,A17o
4390.59,A17o-MgII,A17o
4408.41,A17o-FeI,A17o
4428.0,A17o-INDEF,A17o
4482.17,A17o-FeI,A17o
4494.46,A17o-FeI,A17o
4529.47,Z20q-TiII/Z20o-TiII/A17o-TiII,Z20q/Z20o/A17o
4602.94,A17o-FeI,A17o
4772.8,A17o-FeI,A17o
4939.24,A17o-FeI,A17o
4939.69,Z20q-FeI:/Z20o-FeI:/A17o-FeI,Z20q/Z20o/A17o
4994.13,A17o-FeI,A17o
5012.07,A17o-FeI,A17o
5041.07,Z20q-FeI/Z20o-FeI/A17o-FeI,Z20q/Z20o/A17o
5041.62,A17o-CaI,A17o
5041.76,Z20q-FeI/Z20o-FeI/A17o-FeI,Z20q/Z20o/A17o
5051.63,Z20q-FeI/Z20o-FeI/A17o-FeI,Z20q/Z20o/A17o
5060.03,A17o-FeI,A17o
5080.31,A17o-FeII,A17o
5083.34,Z20q-FeI/Z20o-FeI/A17o-FeI,Z20q/Z20o/A17o
5110.36,A17o-FeI,A17o
5123.72,Z20q-FeI/Z20o-FeI/A17o-FeI,Z20q/Z20o/A17o
5129.15,Z20q-TiII/Z20o-TiII/A17o-TiII,Z20q/Z20o/A17o
5151.9,A17o-FeI,A17o
5204.52,Z20q-CrI:/A17o-CrI,Z20q/A17o
5208.44,A17o-CrI,A17o
5227.15,A17o-FeI,A17o
5227.19,A17o-FeI,A17o
5247.05,Z20o-FeI/A17o-FeI,Z20o/A17o
5250.65,A17o-FeI,A17o
5254.95,A17o-FeI,A17o
5263.31,A17o-FeI,A17o
5267.2,A17o-FeI,A17o
5269.5,A17o-FeI,A17o
5298.27,A17o-CrI,A17o
5316.61,A17o-FeII,A17o
5332.9,A17o-FeI,A17o
5341.02,Z20q-FeI/Z20o-FeI/A17o-FeI,Z20q/Z20o/A17o
5395.0,A17o-INDEF,A17o
5430.0,A17o-INDEF,A17o
5497.52,Z20q-FeI/Z20o-FeI/A17o-FeI,Z20q/Z20o/A17o
5498.0,A17o-INDEF,A17o
5501.47,A17o-FeI,A17o
5508.41,A17o-FeI,A17o
5709.38,Z20q-FeI/Z20o-FeI/A17o-FeI,Z20q/Z20o/A17o
5711.09,A17o-MgI,A17o
5727.78,A17o-VI,A17o
5732.3,A17o-FeI,A17o
5743.0,A17o-INDEF,A17o
5753.12,A17o-FeI,A17o
5753.69,A17o-FeI,A17o
5753.69,A17o-NiI,A17o
5755.35,A17o-FeI,A17o
5793.0,A17o-INDEF,A17o
5816.06,A17o-FeI,A17o
5816.37,A17o-FeI,A17o
5835.5,A17o-FeI,A17o
5835.57,A17o-FeI,A17o
5853.68,A17o-FeI,A17o
5859.61,A17o-FeI,A17o
5862.36,A17o-FeI,A17o
5895.63,A17o-NaI,A17o
5911.0,A17o-INDEF,A17o
5916.25,A17o-FeI,A17o
5957.56,A17o-SiII,A17o
5958.33,A17o-FeI,A17o
5976.78,A17o-FeI,A17o
5984.81,A17o-FeI,A17o
5992.0,A17o-INDEF,A17o
6008.56,A17o-FeI,A17o
6113.32,A17o-FeII,A17o
6116.04,A17o-FeI,A17o
6127.91,A17o-FeI,A17o
6138.24,A17o-CrI,A17o
6173.34,A17o-FeI,A17o
6200.31,Z20o-FeI:s/A17o-FeI,Z20o/A17o
6230.72,Z20q-FeI/Z20o-FeI/A17o-FeI,Z20q/Z20o/A17o
6232.64,A17o-FeI,A17o
6254.26,Z20q-FeI/A17o-FeI,Z20q/A17o
6266.0,A17o-INDEF,A17o
6297.79,A17o-FeI,A17o
6312.03,A17o-TiI,A17o
6312.42,A17o-SII,A17o
6318.02,Z20q-FeI/Z20o-FeI/A17o-FeI,Z20q/Z20o/A17o
6324.66,A17o-VI,A17o
6331.0,A17o-INDEF,A17o
6336.82,A17o-FeI,A17o
6408.02,A17o-FeI,A17o
6411.65,A17o-FeI,A17o
6421.35,Z20q-FeI/A17o-FeI,Z20q/A17o
6432.68,Z20q-FeII/Z20o-FeII/A17o-FeII,Z20q/Z20o/A17o
6450.86,A17o-CaI,A17o
6498.94,A17o-FeI,A17o
6534.0,A17o-INDEF,A17o
6546.24,A17o-FeI,A17o
6556.13,A17o-FeI,A17o
6574.1,A17o-FeI,A17o
6609.11,A17o-FeI,A17o
6678.88,A17o-FeII,A17o
6705.12,A17o-FeI,A17o
6750.15,Z20o-FeI/A17o-FeI,Z20o/A17o
6769.66,A17o-FeI,A17o
6772.0,A17o-INDEF,A17o
6786.0,A17o-INDEF,A17o
6808.0,A17o-INDEF,A17o
6816.0,A17o-INDEF,A17o
6841.34,A17o-FeI,A17o
6945.2,A17o-FeI,A17o
6978.85,A17o-FeI,A17o
6989.0,A17o-INDEF,A17o
6990.0,A17o-INDEF,A17o
7001.0,A17o-INDEF,A17o
7016.62,A17o-CoI,A17o
7024.06,A17o-FeI,A17o
7039.0,A17o-INDEF,A17o
7054.0,A17o-INDEF,A17o
7069.07,A17o-TiI,A17o
7085.1,A17o-CoI,A17o
7111.71,A17o-FeII,A17o
7197.0,A17o-INDEF,A17o
7223.66,A17o-FeI,A17o
7664.9,A17o-KI,A17o
7711.26,A17o-FeII,A17o
7724.0,A17o-INDEF,A17o
7749.0,A17o-INDEF,A17o
7790.0,A17o-INDEF,A17o
7914.71,A17o-FeI,A17o
7937.14,A17o-FeI,A17o
8027.94,A17o-FeI,A17o
8048.99,A17o-FeI,A17o
8075.56,A17o-FeI,A17o
8203.07,A17o-VI,A17o
8220.38,A17o-FeI,A17o
8327.06,A17o-FeI,A17o
8366.0,A17o-INDEF,A17o
8389.0,A17o-INDEF,A17o
8403.0,A17o-INDEF,A17o
8413.32,Z20o-HI/A17o-HI,Z20o/A17o
8437.95,A17o-HI,A17o
8467.26,A17o-HI,A17o
8514.07,A17o-FeI,A17o
8582.26,A17o-FeI,A17o
8623.43,A17o-TiI,A17o
8676.0,A17o-INDEF,A17o
8758.0,A17o-INDEF,A17o
8839.06,A17o-FeII,A17o
8945.0,A17o-INDEF,A17o
8977.0,A17o-INDEF,A17o
9014.91,A17o-HI,A17o
9088.57,A17o-CI,A17o
9103.0,A17o-INDEF,A17o
9147.71,A17o-FeI,A17o
9147.96,A17o-FeI,A17o
9211.0,A17o-INDEF,A17o
3701.09,Z20o-FeI,Z20o
3704.46,Z20o-FeI,Z20o
3706.23,Z20o-TiII,Z20o
3708.86,Z20o-MnI,Z20o
3709.25,Z20o-FeI,Z20o
3711.98,Z20o-HI,Z20o
3736.9,Z20o-CaII,Z20o
3750.15,Z20o-HI,Z20o
3761.32,Z20o-TiII,Z20o
3761.41,Z20o-FeI,Z20o
3770.63,Z20o-HI,Z20o
3783.53,Z20o-NiI,Z20o
3797.91,Z20o-HI,Z20o
3807.14,Z20o-NiI,Z20o
3815.84,Z20o-FeI,Z20o
3821.18,Z20o-FeI,Z20o
3835.4,Z20o-HI,Z20o
3849.97,Z20o-FeI,Z20o
3900.54,Z20q-TiII/Z20o-TiII,Z20q/Z20o
3905.63,Z20q-FeII/Z20o-FeII,Z20q/Z20o
3938.29,Z20q-FeII/Z20o-FeII,Z20q/Z20o
3952.32,Z20q-CoI/Z20o-CoI,Z20q/Z20o
3974.17,Z20o-FeII,Z20o
3982.16,Z20q-MnI/Z20o-MnI,Z20q/Z20o
4003.26,Z20o-MnI,Z20o
4013.78,Z20q-FeI/Z20o-FeI,Z20q/Z20o
4025.14,Z20q-TiII/Z20o-TiII,Z20q/Z20o
4033.19,Z20o-FeI,Z20o
4035.95,Z20o-NiI,Z20o
4067.27,Z20q-FeI/Z20o-FeI,Z20q/Z20o
4083.55,Z20o-FeI,Z20o
4102.94,Z20q-SiI/Z20o-SiI,Z20q/Z20o
4110.54,Z20q-CoI/Z20o-CoI,Z20q/Z20o
4113.87,Z20o-MnI,Z20o
4114.38,Z20o-MnI,Z20o
4118.89,Z20q-FeI/Z20o-FeI,Z20q/Z20o
4123.73,Z20q-FeI/Z20o-FeI,Z20q/Z20o
4128.75,Z20q-FeII/Z20o-FeII,Z20q/Z20o
4150.25,Z20q-FeI:s/Z20o-FeI:s,Z20q/Z20o
4154.8,Z20q-FeI/Z20o-FeI,Z20q/Z20o
4156.8,Z20q-FeI/Z20o-FeI,Z20q/Z20o
4161.08,Z20q-FeI/Z20o-FeI,Z20q/Z20o
4164.98,Z20q-MnI:s/Z20o-MnI:s,Z20q/Z20o
4173.46,Z20q-FeII/Z20o-FeII,Z20q/Z20o
4174.07,Z20q-TiII/Z20o-TiII,Z20q/Z20o
4181.75,Z20q-FeI/Z20o-FeI,Z20q/Z20o
4184.89,Z20o-FeI,Z20o
4195.62,Z20q-FeI/Z20o-FeI,Z20q/Z20o
4205.54,Z20q-FeI/Z20o-FeI,Z20q/Z20o
4247.31,Z20q-FeI/Z20o-FeI,Z20q/Z20o
4254.94,Z20q-FeI/Z20o-FeI,Z20q/Z20o
4262.37,Z20q-CrI/Z20o-CrI,Z20q/Z20o
4275.7,Z20o-FeI,Z20o
4278.23,Z20q-FeI/Z20o-FeI,Z20q/Z20o
4314.98,Z20q-TiII/Z20o-TiII,Z20q/Z20o
4320.96,Z20q-TiII/Z20o-TiII,Z20q/Z20o
4344.29,Z20o-TiII,Z20o
4352.22,Z20q-??FeII??NII/Z20o-??FeII??NII,Z20q/Z20o
4374.81,Z20q-TiII/Z20o-TiII,Z20q/Z20o
4395.85,Z20q-TiII/Z20o-TiII,Z20q/Z20o
4418.33,Z20q-TiII/Z20o-TiII,Z20q/Z20o
4422.57,Z20q-FeI/Z20o-FeI,Z20q/Z20o
4427.31,Z20q-FeI/Z20o-FeI,Z20q/Z20o
4430.61,Z20q-FeI/Z20o-FeI,Z20q/Z20o
4431.03,Z20q-NiI/Z20o-NiI,Z20q/Z20o
4444.56,Z20q-TiII/Z20o-TiII,Z20q/Z20o
4447.13,Z20q-FeI/Z20o-FeI,Z20q/Z20o
4447.72,Z20q-FeI/Z20o-FeI,Z20q/Z20o
4455.03,Z20q-FeI/Z20o-FeI,Z20q/Z20o
4461.97,Z20q-FeI/Z20o-FeI,Z20q/Z20o
4583.83,Z20q-FeII/Z20o-FeII,Z20q/Z20o
4635.32,Z20q-FeII/Z20o-FeII,Z20q/Z20o
4656.81,Z20q-CrI/Z20o-CrI,Z20q/Z20o
4664.44,Z20o-FeII,Z20o
4691.41,Z20q-FeI/Z20o-FeI,Z20q/Z20o
4699.18,Z20q-CoI/Z20o-CoI,Z20q/Z20o
4708.97,Z20q-FeI/Z20o-FeI,Z20q/Z20o
4728.07,Z20q-FeII/Z20o-FeII,Z20q/Z20o
4764.63,Z20q-CrI/Z20o-CrI,Z20q/Z20o
4779.98,Z20q-TiII/Z20o-TiII,Z20q/Z20o
4786.81,Z20q-FeI/Z20o-FeI,Z20q/Z20o
4789.65,Z20o-FeI,Z20o
4791.25,Z20q-FeI/Z20o-FeI,Z20q/Z20o
4835.87,Z20q-FeI/Z20o-FeI,Z20q/Z20o
4839.54,Z20o-FeI,Z20o
4861.35,Z20q-H$\beta$/Z20o-H$\beta$,Z20q/Z20o
4884.61,Z20q-CrII/Z20o-CrII,Z20q/Z20o
4891.49,Z20q-FeI/Z20o-FeI,Z20q/Z20o
4893.82,Z20q-FeII/Z20o-FeII,Z20q/Z20o
4900.97,Z20q-NiI:s/Z20o-NiI:s,Z20q/Z20o
4903.31,Z20o-FeI,Z20o
4981.73,Z20q-TiI/Z20o-TiI,Z20q/Z20o
4985.25,Z20o-FeI,Z20o
4993.68,Z20q-FeI/Z20o-FeI,Z20q/Z20o
5000.34,Z20q-NiI/Z20o-NiI,Z20q/Z20o
5001.86,Z20q-FeI/Z20o-FeI,Z20q/Z20o
5036.47,Z20q-TiI/Z20o-TiI,Z20q/Z20o
5049.82,Z20q-FeI/Z20o-FeI,Z20q/Z20o
5065.19,Z20o-FeI,Z20o
5068.77,Z20q-FeI/Z20o-FeI,Z20q/Z20o
5072.92,Z20q-CrI/Z20o-CrI,Z20q/Z20o
5079.74,Z20q-FeI/Z20o-FeI,Z20q/Z20o
5098.7,Z20q-FeI/Z20o-FeI,Z20q/Z20o
5110.41,Z20q-FeI/Z20o-FeI,Z20q/Z20o
5132.67,Z20q-FeII/Z20o-FeII,Z20q/Z20o
5136.8,Z20q-FeII/Z20o-FeII,Z20q/Z20o
5141.74,Z20q-FeI:s/Z20o-FeI:s,Z20q/Z20o
5142.93,Z20q-FeI/Z20o-FeI,Z20q/Z20o
5146.16,Z20q-CoI/Z20o-CoI,Z20q/Z20o
5151.91,Z20q-FeI/Z20o-FeI,Z20q/Z20o
5154.1,Z20q-FeI/Z20o-FeI,Z20q/Z20o
5188.7,Z20q-TiII/Z20o-TiII,Z20q/Z20o
5202.34,Z20q-FeI/Z20o-FeI,Z20q/Z20o
5206.04,Z20q-CrI/Z20o-CrI,Z20q/Z20o
5208.59,Z20q-FeI/Z20o-FeI,Z20q/Z20o
5211.22,Z20q-TiI/Z20o-TiI,Z20q/Z20o
5216.27,Z20q-FeI/Z20o-FeI,Z20q/Z20o
5226.86,Z20q-FeI/Z20o-FeI,Z20q/Z20o
5227.49,Z20q-FeII/Z20o-FeII,Z20q/Z20o
5238.97,Z20q-CrI/Z20o-CrI,Z20q/Z20o
5250.21,Z20q-FeI/Z20o-FeI,Z20q/Z20o
5255.32,Z20q-MnI/Z20o-MnI,Z20q/Z20o
5262.88,Z20o-FeI,Z20o
5265.71,Z20q-NiI/Z20o-NiI,Z20q/Z20o
5270.27,Z20q-CaI/Z20o-CaI,Z20q/Z20o
5280.36,Z20q-FeI/Z20o-FeI,Z20q/Z20o
5326.14,Z20q-FeI/Z20o-FeI,Z20q/Z20o
5336.81,Z20q-TiII/Z20o-TiII,Z20q/Z20o
5349.74,Z20o-FeI,Z20o
5353.39,Z20q-NiI:s/Z20o-NiI:s,Z20q/Z20o
5381.02,Z20q-TiII/Z20o-TiII,Z20q/Z20o
5393.17,Z20o-FeI,Z20o
5405.35,Z20q-FeI/Z20o-FeI,Z20q/Z20o
5415.2,Z20q-FeI/Z20o-FeI,Z20q/Z20o
5434.52,Z20q-FeI/Z20o-FeI,Z20q/Z20o
5464.28,Z20o-FeI,Z20o
5466.99,Z20o-FeI,Z20o
5473.16,Z20o-FeI,Z20o
5477.08,Z20q-CoI/Z20o-CoI,Z20q/Z20o
5490.84,Z20q-TiI/Z20o-TiI,Z20q/Z20o
5502.07,Z20q-CrII/Z20o-CrII,Z20q/Z20o
5506.78,Z20q-FeI/Z20o-FeI,Z20q/Z20o
5508.61,Z20q-CrII:mFeI/Z20o-CrII:mFeI,Z20q/Z20o
5510.19,Z20o-MnI,Z20o
5543.94,Z20o-FeI:,Z20o
5546.51,Z20o-FeI,Z20o
5572.84,Z20o-FeI,Z20o
5573.1,Z20o-FeI,Z20o
5577.34,Z20q-OI/Z20o-OI,Z20q/Z20o
5598.49,Z20o-CaI,Z20o
5624.54,Z20q-FeI/Z20o-FeI,Z20q/Z20o
5627.5,Z20q-FeII:/Z20o-FeII:,Z20q/Z20o
5641.43,Z20q-FeI/Z20o-FeI,Z20q/Z20o
5662.94,Z20q-FeI/Z20o-FeI,Z20q/Z20o
5668.28,Z20q-MnI/Z20o-MnI,Z20q/Z20o
5684.48,Z20q-SiI/Z20o-SiI,Z20q/Z20o
5701.54,Z20o-FeI,Z20o
5702.35,Z20o-FeI,Z20o
5708.97,Z20q-FeI/Z20o-FeI,Z20q/Z20o
5711.85,Z20q-FeI/Z20o-FeI,Z20q/Z20o
5712.13,Z20q-FeI/Z20o-FeI,Z20q/Z20o
5747.95,Z20o-FeI,Z20o
5754.22,Z20o-SiI,Z20o
5762.41,Z20o-FeI,Z20o
5929.68,Z20o-FeI,Z20o
5952.72,Z20o-FeI,Z20o
6053.68,Z20o-NiI,Z20o
6103.29,Z20o-FeI,Z20o
6108.12,Z20q-NiI/Z20o-NiI,Z20q/Z20o
6137.69,Z20q-FeI/Z20o-FeI,Z20q/Z20o
6141.73,Z20q-FeI/Z20o-FeI,Z20q/Z20o
6149.24,Z20q-FeII/Z20o-FeII,Z20q/Z20o
6162.17,Z20o-CaI,Z20o
6220.49,Z20q-TiI/Z20o-TiI,Z20q/Z20o
6252.56,Z20q-FeI/Z20o-FeI,Z20q/Z20o
6256.36,Z20q-FeI/Z20o-FeI,Z20q/Z20o
6265.13,Z20q-FeI/Z20o-FeI,Z20q/Z20o
6270.22,Z20q-FeI/Z20o-FeI,Z20q/Z20o
6271.28,Z20o-FeI,Z20o
6300.3,Z20q-OI/Z20o-OI,Z20q/Z20o
6335.33,Z20q-FeI/Z20o-FeI,Z20q/Z20o
6353.84,Z20q-FeI/Z20o-FeI,Z20q/Z20o
6363.78,Z20q-OI/Z20o-OI,Z20q/Z20o
6369.46,Z20q-FeII/Z20o-FeII,Z20q/Z20o
6416.9,Z20q-FeII/Z20o-FeII,Z20q/Z20o
6462.72,Z20q-FeI/Z20o-FeI,Z20q/Z20o
6482.8,Z20o-NiI:,Z20o
6593.87,Z20q-FeI/Z20o-FeI,Z20q/Z20o
6663.44,Z20o-FeI,Z20o
6708.44,Z20o-LiI,Z20o
6730.25,Z20o-NiI,Z20o
6767.77,Z20o-NiI,Z20o
6828.59,Z20o-FeI,Z20o
6999.88,Z20o-FeI,Z20o
7155.16,Z20o-FeII,Z20o
7291.06,Z20o-MgI:,Z20o
7417.38,Z20o-CoI:,Z20o
7432.67,Z20o-TiI:,Z20o
7449.34,Z20o-FeII,Z20o
7511.02,Z20o-FeI,Z20o
7515.83,Z20o-FeII,Z20o
7788.94,Z20o-NiI,Z20o
7790.6,Z20o-INDEF,Z20o
7800.31,Z20o-INDEF:wk,Z20o
8249.99,Z20o-HI,Z20o
8387.77,Z20o-FeI,Z20o
8468.41,Z20o-FeI,Z20o
8515.11,Z20o-FeI,Z20o
8598.83,Z20o-FeI,Z20o
8674.75,Z20o-FeI,Z20o
8688.62,Z20o-FeI,Z20o
8838.43,Z20o-FeI,Z20o
8862.78,Z20o-HI,Z20o
8926.24,Z20o-CoI,Z20o
9015.3,Z20o-HI,Z20o
9935.51,Z20o-FeII:,Z20o
10246.41,Z20o-FeII,Z20o
4001.66,Z20q-FeI,Z20q
4172.12,Z20q-FeI,Z20q
4175.64,Z20q-FeI,Z20q
4287.4,Z20q-TiI:,Z20q
4302.19,Z20q-FeI,Z20q
4386.84,Z20q-TiII,Z20q
4464.45,Z20q-TiII,Z20q
4470.48,Z20q-NiI:,Z20q
4476.02,Z20q-FeI,Z20q
4518.43,Z20q-FeI,Z20q
4552.46,Z20q-TiI,Z20q
4580.13,Z20q-CoI,Z20q
4639.52,Z20q-CrI,Z20q
4654.5,Z20q-FeI,Z20q
4710.28,Z20q-FeI,Z20q
4733.59,Z20q-FeI,Z20q
4762.78,Z20q-TiII,Z20q
4873.75,Z20q-FeI,Z20q
5038.4,Z20q-TiI,Z20q
5102.97,Z20q-NiI,Z20q
5107.45,Z20q-FeI,Z20q
5131.47,Z20q-FeI,Z20q
5194.94,Z20q-FeI,Z20q
5273.37,Z20q-FeI,Z20q
5306.18,Z20q-FeII,Z20q
5324.18,Z20q-FeI,Z20q
5333.15,Z20q-CoI,Z20q
5407.42,Z20q-MnI,Z20q
5419.24,Z20q-INDEF,Z20q
5420.92,Z20q-CrII,Z20q
5432.95,Z20q-FeI,Z20q
5435.87,Z20q-NiI,Z20q
5460.51,Z20q-TiI:s,Z20q
5483.34,Z20q-CoI,Z20q
5512.26,Z20q-FeI,Z20q
5514.79,Z20q-NiI,Z20q
5592.28,Z20q-NiI,Z20q
5667.52,Z20q-FeI:s,Z20q
5846.99,Z20q-NiI,Z20q
6258.1,Z20q-TiI,Z20q
6258.7,Z20q-TiI,Z20q
6261.1,Z20q-TiI,Z20q
6430.85,Z20q-FeI,Z20q
6643.64,Z20q-NiI,Z20q
